code_eleve,grade,trimestre,projet,date,CO_sur_4,CE_sur_4,PO_sur_4,PE_sur_4,aide,reussite,priorite,version
,1,1,G1T1P1,,,,,,,,,
,1,1,G1T1P2,,,,,,,,,
,1,1,G1T1P3,,,,,,,,,
,1,2,G1T2P1,,,,,,,,,
,1,2,G1T2P2,,,,,,,,,
,1,2,G1T2P3,,,,,,,,,
,1,3,G1T3P1,,,,,,,,,
,1,3,G1T3P2,,,,,,,,,
,1,3,G1T3P3,,,,,,,,,
,2,1,G2T1P1,,,,,,,,,
,2,1,G2T1P2,,,,,,,,,
,2,1,G2T1P3,,,,,,,,,
,2,2,G2T2P1,,,,,,,,,
,2,2,G2T2P2,,,,,,,,,
,2,2,G2T2P3,,,,,,,,,
,2,3,G2T3P1,,,,,,,,,
,2,3,G2T3P2,,,,,,,,,
,2,3,G2T3P3,,,,,,,,,
,3,1,G3T1P1,,,,,,,,,
,3,1,G3T1P2,,,,,,,,,
,3,1,G3T1P3,,,,,,,,,
,3,2,G3T2P1,,,,,,,,,
,3,2,G3T2P2,,,,,,,,,
,3,2,G3T2P3,,,,,,,,,
,3,3,G3T3P1,,,,,,,,,
,3,3,G3T3P2,,,,,,,,,
,3,3,G3T3P3,,,,,,,,,
,4,1,G4T1P1,,,,,,,,,
,4,1,G4T1P2,,,,,,,,,
,4,1,G4T1P3,,,,,,,,,
,4,2,G4T2P1,,,,,,,,,
,4,2,G4T2P2,,,,,,,,,
,4,2,G4T2P3,,,,,,,,,
,4,3,G4T3P1,,,,,,,,,
,4,3,G4T3P2,,,,,,,,,
,4,3,G4T3P3,,,,,,,,,
,5,1,G5T1P1,,,,,,,,,
,5,1,G5T1P2,,,,,,,,,
,5,1,G5T1P3,,,,,,,,,
,5,2,G5T2P1,,,,,,,,,
,5,2,G5T2P2,,,,,,,,,
,5,2,G5T2P3,,,,,,,,,
,5,3,G5T3P1,,,,,,,,,
,5,3,G5T3P2,,,,,,,,,
,5,3,G5T3P3,,,,,,,,,
